"","MAE","NMAE","RMSE","RRSE","R2"
"WSdep1",6931.83847490954,23.481042223873,8181.9758620551,120.573648722353,0.010352339414217
"WSdep2",8618.86914327478,22.5276905911675,10689.8459493705,85.1764961343735,0.27972031605805
"WSdep3",2918.86929820307,24.0989869402499,3553.42896270965,112.432056445608,0.00684142605478502
"WSdep4",6033.22766067546,18.0247002290734,8201.75528275182,94.2417558953018,0.18253946099019
