"","MAE","NMAE","RMSE","RRSE","R2"
"WSdep1",11965.8242016581,40.5332617514927,15902.954941004,234.353820523543,6.53006371578869e-05
"WSdep2",6709.17333558594,17.5361962821452,9856.48701014956,78.5363074168477,0.460559581463651
"WSdep3",3506.81319167794,28.9532132734308,4634.45239384107,146.636113626284,0.00273413390934292
"WSdep4",6586.72382636733,19.6783097107054,8601.46883637537,98.8346394732662,0.217870775380712
