"","MAE","NMAE","RMSE","RRSE","R2"
"Departamento 1",3036.49037065787,1.7489389817116,4284.80293083618,160.447109258872,0.042537254249598
"Departamento 2",5107.25129676808,5.7621807621997,6426.86922061549,55.052391263759,0.759635996057314
"Departamento 3",2283.75785288057,5.70041647625132,2771.76349358196,79.2377273783833,0.563616428150887
"Departamento 4",4671.10179784091,8.42566027136295,5151.93954894374,72.4303734517737,0.615107218489809
