"","MAE","NMAE","RMSE","RRSE","R2"
"Departamento 1",6950.75882916667,4.00345516859714,8611.71736436927,136.403409245035,0.490305955076458
"Departamento 2",6921.2038125,7.80874586783853,7212.86818040699,68.6354386518506,0.732813024545679
"Departamento 3",3640.66601666668,9.08735246153978,4210.32162885504,91.5005403593292,0.608270627776951
"Departamento 4",4749.54556250002,8.56715590558996,6488.43317752963,84.8469280402357,0.707600098312193
